,0,1,2,3,4,5,6,7,8,9,10,11,12
0,25.45,25.75,24.539999,24.610003,24.470001,25.15,24.47,25.030003,25.03,25.18,24.75,25.11,25.067493
1,24.470001,25.15,24.47,25.030003,25.03,25.18,24.75,25.11,25.050001,25.099998,24.75,24.87,25.10154
2,25.03,25.18,24.75,25.11,25.050001,25.099998,24.75,24.87,24.83,25.18,24.65,24.919998,25.10154
3,25.050001,25.099998,24.75,24.87,24.83,25.18,24.65,24.919998,24.889997,28.37,24.78,28.110003,27.576859
4,24.83,25.18,24.65,24.919998,24.889997,28.37,24.78,28.110003,27.83,29.829998,27.65,29.02,29.22456
5,24.889997,28.37,24.78,28.110003,27.83,29.829998,27.65,29.02,28.64,29.32,28.5,28.97,29.249899
6,27.83,29.829998,27.65,29.02,28.64,29.32,28.5,28.97,28.969997,29.91,28.78,28.79,28.766829
7,28.64,29.32,28.5,28.97,28.969997,29.91,28.78,28.79,29.319998,29.73,28.340002,28.82,28.873878
8,28.969997,29.91,28.78,28.79,29.319998,29.73,28.340002,28.82,28.54,29.069998,27.86,27.9,27.950636
9,29.319998,29.73,28.340002,28.82,28.54,29.069998,27.86,27.9,27.750002,28.94,27.560001,28.350002,28.212921
10,28.54,29.069998,27.86,27.9,27.750002,28.94,27.560001,28.350002,28.239998,28.44,27.45,27.78,27.787714
11,27.750002,28.94,27.560001,28.350002,28.239998,28.44,27.45,27.78,27.91,28.07,27.399998,27.97,27.787714
12,28.239998,28.44,27.45,27.78,27.91,28.07,27.399998,27.97,27.81,28.190002,27.299997,27.520002,27.640043
13,27.91,28.07,27.399998,27.97,27.81,28.190002,27.299997,27.520002,27.62,28.310001,27.35,27.760002,27.787714
14,27.81,28.190002,27.299997,27.520002,27.62,28.310001,27.35,27.760002,27.76,28.0,26.06,26.220001,26.330915
15,27.62,28.310001,27.35,27.760002,27.76,28.0,26.06,26.220001,26.400002,26.75,25.959997,26.220001,26.303093
16,27.76,28.0,26.06,26.220001,26.400002,26.75,25.959997,26.220001,25.96,26.54,25.2,25.440002,25.587532
17,26.400002,26.75,25.959997,26.220001,25.96,26.54,25.2,25.440002,25.72,26.129997,25.490002,25.87,25.776823
18,25.96,26.54,25.2,25.440002,25.72,26.129997,25.490002,25.87,25.659998,26.910002,25.359999,26.36,26.599663
19,25.72,26.129997,25.490002,25.87,25.659998,26.910002,25.359999,26.36,26.43,27.12,26.06,26.73,26.599663
20,25.659998,26.910002,25.359999,26.36,26.43,27.12,26.06,26.73,26.72,27.34,26.58,26.78,26.599663
21,26.43,27.12,26.06,26.73,26.72,27.34,26.58,26.78,27.400002,28.11,26.91,27.15,26.853798
22,26.72,27.34,26.58,26.78,27.400002,28.11,26.91,27.15,26.95,28.01,26.95,27.79,27.633978
23,27.400002,28.11,26.91,27.15,26.95,28.01,26.95,27.79,27.71,28.019999,26.970001,27.349998,27.020737
24,26.95,28.01,26.95,27.79,27.71,28.019999,26.970001,27.349998,27.95,29.240002,27.949999,29.139997,29.249899
25,27.71,28.019999,26.970001,27.349998,27.95,29.240002,27.949999,29.139997,28.939999,34.97,28.85,34.97,33.448273
26,27.95,29.240002,27.949999,29.139997,28.939999,34.97,28.85,34.97,35.93,36.43,34.14,35.04,35.157223
27,28.939999,34.97,28.85,34.97,35.93,36.43,34.14,35.04,35.04,35.93,33.54,34.43,34.426563
28,35.93,36.43,34.14,35.04,35.04,35.93,33.54,34.43,34.44,36.11,34.01,34.54,34.832005
29,35.04,35.93,33.54,34.43,34.44,36.11,34.01,34.54,34.59,34.64,30.040003,30.209997,30.088871
30,34.44,36.11,34.01,34.54,34.59,34.64,30.040003,30.209997,30.23,30.23,28.78,29.02,29.249899
31,34.59,34.64,30.040003,30.209997,30.23,30.23,28.78,29.02,29.11,29.270002,27.750002,27.889997,28.102486
32,30.23,30.23,28.78,29.02,29.11,29.270002,27.750002,27.889997,27.900002,28.89,27.31,28.25,28.050177
33,29.11,29.270002,27.750002,27.889997,27.900002,28.89,27.31,28.25,28.23,29.29,27.850002,28.479998,28.36458
34,27.900002,28.89,27.31,28.25,28.23,29.29,27.850002,28.479998,28.130001,29.03,27.98,28.82,28.722689
35,28.23,29.29,27.850002,28.479998,28.130001,29.03,27.98,28.82,28.870003,30.730001,28.45,29.94,29.568481
36,28.130001,29.03,27.98,28.82,28.870003,30.730001,28.45,29.94,29.939999,30.439999,29.55,29.92,29.666048
37,28.870003,30.730001,28.45,29.94,29.939999,30.439999,29.55,29.92,30.04,31.16,29.659998,30.16,29.73517
38,29.939999,30.439999,29.55,29.92,30.04,31.16,29.659998,30.16,29.939999,33.91,29.74,33.55,32.510742
39,30.04,31.16,29.659998,30.16,29.939999,33.91,29.74,33.55,36.63,39.24,34.19,35.33,35.893433
40,29.939999,33.91,29.74,33.55,36.63,39.24,34.19,35.33,35.45,36.63,34.05,34.08,34.573654
41,36.63,39.24,34.19,35.33,35.45,36.63,34.05,34.08,34.18,35.3,32.52,33.15,33.693035
42,35.45,36.63,34.05,34.08,34.18,35.3,32.52,33.15,32.62,33.53,32.24,32.79,31.837862
43,34.18,35.3,32.52,33.15,32.62,33.53,32.24,32.79,32.88,35.49,32.72,34.59,34.22891
44,32.62,33.53,32.24,32.79,32.88,35.49,32.72,34.59,34.14,34.18,32.74,33.59,32.98559
45,32.88,35.49,32.72,34.59,34.14,34.18,32.74,33.59,33.31,34.43,33.05,33.44,32.98559
46,34.14,34.18,32.74,33.59,33.31,34.43,33.05,33.44,33.32,33.48,31.889997,32.52,31.777317
47,33.31,34.43,33.05,33.44,33.32,33.48,31.889997,32.52,32.44,32.52,31.619999,32.12,31.718601
48,33.32,33.48,31.889997,32.52,32.44,32.52,31.619999,32.12,32.06,32.72,31.84,31.95,31.718601
49,32.44,32.52,31.619999,32.12,32.06,32.72,31.84,31.95,31.869999,33.59,31.460001,33.26,32.510742
50,32.06,32.72,31.84,31.95,31.869999,33.59,31.460001,33.26,33.44,35.33,33.44,33.96,33.709457
51,31.869999,33.59,31.460001,33.26,33.44,35.33,33.44,33.96,33.14,34.43,31.94,33.82,32.568546
52,33.44,35.33,33.44,33.96,33.14,34.43,31.94,33.82,33.82,33.82,30.179998,30.429998,30.215801
53,33.14,34.43,31.94,33.82,33.82,33.82,30.179998,30.429998,30.19,31.400002,30.19,30.99,30.834244
54,33.82,33.82,30.179998,30.429998,30.19,31.400002,30.19,30.99,30.64,31.77,30.380001,31.24,30.96643
55,30.19,31.400002,30.19,30.99,30.64,31.77,30.380001,31.24,31.319998,32.24,30.839998,31.75,31.718601
56,30.64,31.77,30.380001,31.24,31.319998,32.24,30.839998,31.75,31.899998,33.08,31.68,31.919998,31.718601
57,31.319998,32.24,30.839998,31.75,31.899998,33.08,31.68,31.919998,32.24,32.62,30.380001,30.88,30.760529
58,31.899998,33.08,31.68,31.919998,32.24,32.62,30.380001,30.88,30.72,31.18,30.0,30.77,30.760529
59,32.24,32.62,30.380001,30.88,30.72,31.18,30.0,30.77,30.35,31.15,29.460001,29.539999,29.497175
60,30.72,31.18,30.0,30.77,30.35,31.15,29.460001,29.539999,29.85,30.33,29.589998,29.68,29.666048
61,30.35,31.15,29.460001,29.539999,29.85,30.33,29.589998,29.68,29.91,30.9,29.889997,30.22,29.73517
62,29.85,30.33,29.589998,29.68,29.91,30.9,29.889997,30.22,30.319998,30.62,29.87,30.24,30.147049
63,29.91,30.9,29.889997,30.22,30.319998,30.62,29.87,30.24,30.21,30.239998,28.66,28.91,29.249899
64,30.319998,30.62,29.87,30.24,30.21,30.239998,28.66,28.91,28.93,29.34,28.32,29.06,29.249899
65,30.21,30.239998,28.66,28.91,28.93,29.34,28.32,29.06,28.939999,29.790003,28.839998,29.52,29.330103
66,28.93,29.34,28.32,29.06,28.939999,29.790003,28.839998,29.52,29.939999,31.62,29.93,30.29,30.215801
67,28.939999,29.790003,28.839998,29.52,29.939999,31.62,29.93,30.29,30.19,30.28,29.24,29.68,29.666048
68,29.939999,31.62,29.93,30.29,30.19,30.28,29.24,29.68,29.370003,31.29,29.08,31.29,30.96643
69,30.19,30.28,29.24,29.68,29.370003,31.29,29.08,31.29,32.44,32.59,30.769999,30.93,30.760529
70,29.370003,31.29,29.08,31.29,32.44,32.59,30.769999,30.93,30.330002,30.730001,30.02,30.04,29.666048
71,32.44,32.59,30.769999,30.93,30.330002,30.730001,30.02,30.04,29.939999,30.84,29.55,30.11,29.73517
72,30.330002,30.730001,30.02,30.04,29.939999,30.84,29.55,30.11,29.939999,31.229998,29.48,31.16,30.96643
73,29.939999,30.84,29.55,30.11,29.939999,31.229998,29.48,31.16,30.24,30.239998,29.2,29.839998,29.666048
74,29.939999,31.229998,29.48,31.16,30.24,30.239998,29.2,29.839998,29.739998,29.93,28.65,28.84,29.249899
75,30.24,30.239998,29.2,29.839998,29.739998,29.93,28.65,28.84,28.859999,29.219997,28.47,28.74,28.766829
76,29.739998,29.93,28.65,28.84,28.859999,29.219997,28.47,28.74,28.84,29.69,28.75,28.87,29.249899
77,28.859999,29.219997,28.47,28.74,28.84,29.69,28.75,28.87,28.750002,29.159998,28.439999,29.04,29.249899
78,28.84,29.69,28.75,28.87,28.750002,29.159998,28.439999,29.04,29.16,30.05,29.14,29.420002,29.347755
79,28.750002,29.159998,28.439999,29.04,29.16,30.05,29.14,29.420002,29.3,29.889997,29.12,29.489998,29.347755
80,29.16,30.05,29.14,29.420002,29.3,29.889997,29.12,29.489998,29.589998,29.82,29.37,29.74,29.666048
81,29.3,29.889997,29.12,29.489998,29.589998,29.82,29.37,29.74,30.04,30.69,29.84,30.28,30.147049
82,29.589998,29.82,29.37,29.74,30.04,30.69,29.84,30.28,30.24,30.930002,29.94,30.550001,30.215801
83,30.04,30.69,29.84,30.28,30.24,30.930002,29.94,30.550001,30.549997,31.109999,30.24,30.660002,30.760529
84,30.24,30.930002,29.94,30.550001,30.549997,31.109999,30.24,30.660002,30.57,31.53,30.45,31.0,30.96643
85,30.549997,31.109999,30.24,30.660002,30.57,31.53,30.45,31.0,31.0,31.01,30.149998,30.39,30.215801
86,30.57,31.53,30.45,31.0,31.0,31.01,30.149998,30.39,30.439999,33.73,30.249998,33.53,32.510742
87,31.0,31.01,30.149998,30.39,30.439999,33.73,30.249998,33.53,33.92,33.93,31.780003,32.44,31.718601
88,30.439999,33.73,30.249998,33.53,33.92,33.93,31.780003,32.44,32.03,33.14,32.02,32.49,31.718601
89,33.92,33.93,31.780003,32.44,32.03,33.14,32.02,32.49,32.14,34.38,32.14,34.11,32.510742
90,32.03,33.14,32.02,32.49,32.14,34.38,32.14,34.11,34.13,34.57,33.29,33.54,32.92832
91,32.14,34.38,32.14,34.11,34.13,34.57,33.29,33.54,33.44,34.31,33.12,33.32,32.98559
92,34.13,34.57,33.29,33.54,33.44,34.31,33.12,33.32,33.38,34.08,32.74,33.61,32.98559
93,33.44,34.31,33.12,33.32,33.38,34.08,32.74,33.61,33.27,33.73,32.5,32.59,31.837862
94,33.38,34.08,32.74,33.61,33.27,33.73,32.5,32.59,32.64,32.64,31.589998,31.910002,31.777317
95,33.27,33.73,32.5,32.59,32.64,32.64,31.589998,31.910002,32.13,32.61,31.589998,32.16,31.718601
96,32.64,32.64,31.589998,31.910002,32.13,32.61,31.589998,32.16,32.03,33.26,31.65,32.9,32.510742
97,32.13,32.61,31.589998,32.16,32.03,33.26,31.65,32.9,32.13,33.46,32.13,33.4,32.510742
98,32.03,33.26,31.65,32.9,32.13,33.46,32.13,33.4,33.53,34.06,32.74,33.17,32.92832
99,32.13,33.46,32.13,33.4,33.53,34.06,32.74,33.17,32.93,33.62,32.92,33.18,32.98559
100,33.53,34.06,32.74,33.17,32.93,33.62,32.92,33.18,32.89,33.04,31.24,31.250002,31.025883
101,32.93,33.62,32.92,33.18,32.89,33.04,31.24,31.250002,31.14,31.550001,30.94,31.04,30.96643
102,32.89,33.04,31.24,31.250002,31.14,31.550001,30.94,31.04,31.049997,31.18,30.02,30.139997,29.73517
103,31.14,31.550001,30.94,31.04,31.049997,31.18,30.02,30.139997,30.21,30.499998,29.54,29.86,29.666048
104,31.049997,31.18,30.02,30.139997,30.21,30.499998,29.54,29.86,29.939999,30.439999,29.79,30.33,30.147049
105,30.21,30.499998,29.54,29.86,29.939999,30.439999,29.79,30.33,30.24,31.15,29.6,30.96,30.760529
106,29.939999,30.439999,29.79,30.33,30.24,31.15,29.6,30.96,30.24,30.33,29.750002,29.91,29.666048
107,30.24,31.15,29.6,30.96,30.24,30.33,29.750002,29.91,29.71,31.140001,29.55,30.92,30.760529
108,30.24,30.33,29.750002,29.91,29.71,31.140001,29.55,30.92,30.589998,32.14,30.57,31.490002,30.96643
109,29.71,31.140001,29.55,30.92,30.589998,32.14,30.57,31.490002,31.27,34.35,31.099998,33.27,32.510742
110,30.589998,32.14,30.57,31.490002,31.27,34.35,31.099998,33.27,33.61,34.49,32.92,34.22,32.92832
111,31.27,34.35,31.099998,33.27,33.61,34.49,32.92,34.22,34.22,34.41,33.52,33.73,32.98559
112,33.61,34.49,32.92,34.22,34.22,34.41,33.52,33.73,33.61,35.43,33.58,34.1,33.76563
113,34.22,34.41,33.52,33.73,33.61,35.43,33.58,34.1,33.97,36.06,33.97,35.53,35.328274
114,33.61,35.43,33.58,34.1,33.97,36.06,33.97,35.53,35.93,38.26,35.35,37.38,36.986122
115,33.97,36.06,33.97,35.53,35.93,38.26,35.35,37.38,37.23,37.61,36.14,36.51,36.43256
116,35.93,38.26,35.35,37.38,37.23,37.61,36.14,36.51,36.67,36.81,35.46,35.95,35.884995
117,37.23,37.61,36.14,36.51,36.67,36.81,35.46,35.95,36.32,37.69,35.92,36.17,36.20316
118,36.67,36.81,35.46,35.95,36.32,37.69,35.92,36.17,36.5,37.33,35.7,36.34,36.20316
119,36.32,37.69,35.92,36.17,36.5,37.33,35.7,36.34,36.05,37.3,36.0,36.46,36.20316
120,36.5,37.33,35.7,36.34,36.05,37.3,36.0,36.46,36.23,36.95,36.12,36.27,35.884995
121,36.05,37.3,36.0,36.46,36.23,36.95,36.12,36.27,35.82,36.47,34.63,35.35,35.73444
122,36.23,36.95,36.12,36.27,35.82,36.47,34.63,35.35,35.74,35.88,33.95,34.6,35.08951
123,35.82,36.47,34.63,35.35,35.74,35.88,33.95,34.6,35.15,35.56,33.62,33.8,33.96588
124,35.74,35.88,33.95,34.6,35.15,35.56,33.62,33.8,33.87,34.0,32.52,33.27,32.628143
125,35.15,35.56,33.62,33.8,33.87,34.0,32.52,33.27,33.06,33.59,31.8,32.1,31.777317
126,33.87,34.0,32.52,33.27,33.06,33.59,31.8,32.1,32.0,32.44,31.55,31.96,31.718601
127,33.06,33.59,31.8,32.1,32.0,32.44,31.55,31.96,32.07,32.37,31.2,31.3,30.96643
128,32.0,32.44,31.55,31.96,32.07,32.37,31.2,31.3,31.49,32.1,31.32,31.499998,30.96643
129,32.07,32.37,31.2,31.3,31.49,32.1,31.32,31.499998,32.3,32.78,31.7,31.82,31.718601
130,31.49,32.1,31.32,31.499998,32.3,32.78,31.7,31.82,31.2,32.09,31.11,31.52,30.96643
131,32.3,32.78,31.7,31.82,31.2,32.09,31.11,31.52,32.4,35.88,32.21,35.52,34.338196
132,31.2,32.09,31.11,31.52,32.4,35.88,32.21,35.52,35.25,36.52,34.76,35.29,35.328274
133,32.4,35.88,32.21,35.52,35.25,36.52,34.76,35.29,34.92,35.35,33.96,34.5,34.96391
134,35.25,36.52,34.76,35.29,34.92,35.35,33.96,34.5,34.9,35.1,33.46,34.65,34.554302
135,34.92,35.35,33.96,34.5,34.9,35.1,33.46,34.65,34.56,35.8,33.63,34.28,34.313477
136,34.9,35.1,33.46,34.65,34.56,35.8,33.63,34.28,33.75,34.95,33.49,33.54,33.53554
137,34.56,35.8,33.63,34.28,33.75,34.95,33.49,33.54,33.1,33.49,31.28,31.45,31.025883
138,33.75,34.95,33.49,33.54,33.1,33.49,31.28,31.45,31.2,31.85,29.31,29.81,29.73517
139,33.1,33.49,31.28,31.45,31.2,31.85,29.31,29.81,29.980001,30.01,28.709997,28.87,29.249899
140,31.2,31.85,29.31,29.81,29.980001,30.01,28.709997,28.87,28.99,29.270002,27.43,27.5,27.954988
141,29.980001,30.01,28.709997,28.87,28.99,29.270002,27.43,27.5,26.8,27.19,25.98,26.25,26.356504
142,28.99,29.270002,27.43,27.5,26.8,27.19,25.98,26.25,26.400002,26.6,25.820002,26.519999,26.599663
143,26.8,27.19,25.98,26.25,26.400002,26.6,25.820002,26.519999,26.470001,27.259998,26.380001,27.100002,26.853798
144,26.400002,26.6,25.820002,26.519999,26.470001,27.259998,26.380001,27.100002,27.11,27.25,26.5,26.7,26.653093
145,26.470001,27.259998,26.380001,27.100002,27.11,27.25,26.5,26.7,26.61,26.86,25.959997,26.25,26.213469
146,27.11,27.25,26.5,26.7,26.61,26.86,25.959997,26.25,26.1,26.19,25.28,25.55,25.34113
147,26.61,26.86,25.959997,26.25,26.1,26.19,25.28,25.55,25.65,26.06,25.58,25.95,25.776823
148,26.1,26.19,25.28,25.55,25.65,26.06,25.58,25.95,26.21,27.18,26.09,26.42,26.599663
149,25.65,26.06,25.58,25.95,26.21,27.18,26.09,26.42,26.49,26.799997,26.01,26.06,26.023655
150,26.21,27.18,26.09,26.42,26.49,26.799997,26.01,26.06,27.2,28.5,26.999998,28.179998,27.779293
151,26.49,26.799997,26.01,26.06,27.2,28.5,26.999998,28.179998,28.8,31.27,28.8,30.53,30.093708
152,27.2,28.5,26.999998,28.179998,28.8,31.27,28.8,30.53,29.68,30.4,29.290003,30.0,29.666048
153,28.8,31.27,28.8,30.53,29.68,30.4,29.290003,30.0,30.01,30.260002,29.58,29.770002,29.666048
154,29.68,30.4,29.290003,30.0,30.01,30.260002,29.58,29.770002,29.51,29.6,27.15,27.67,28.00107
155,30.01,30.260002,29.58,29.770002,29.51,29.6,27.15,27.67,27.91,28.27,27.359999,28.02,27.787714
156,29.51,29.6,27.15,27.67,27.91,28.27,27.359999,28.02,28.04,28.5,27.71,28.16,28.050177
157,27.91,28.27,27.359999,28.02,28.04,28.5,27.71,28.16,28.050001,28.399998,27.8,28.02,27.787714
158,28.04,28.5,27.71,28.16,28.050001,28.399998,27.8,28.02,27.6,28.07,27.51,27.85,27.787714
159,28.050001,28.399998,27.8,28.02,27.6,28.07,27.51,27.85,28.100002,28.18,27.01,27.18,27.020737
160,27.6,28.07,27.51,27.85,28.100002,28.18,27.01,27.18,27.020002,27.45,26.78,26.990002,26.885891
161,28.100002,28.18,27.01,27.18,27.020002,27.45,26.78,26.990002,26.81,26.880001,26.09,26.270002,26.213469
162,27.020002,27.45,26.78,26.990002,26.81,26.880001,26.09,26.270002,26.279999,26.98,25.88,26.19,26.100037
163,26.81,26.880001,26.09,26.270002,26.279999,26.98,25.88,26.19,26.43,26.500002,23.9,25.47,25.09918
164,26.279999,26.98,25.88,26.19,26.43,26.500002,23.9,25.47,25.87,26.1,25.299997,25.55,25.274166
165,26.43,26.500002,23.9,25.47,25.87,26.1,25.299997,25.55,25.0,25.4,24.47,25.31,25.10154
166,25.87,26.1,25.299997,25.55,25.0,25.4,24.47,25.31,25.07,25.480001,23.67,23.68,24.07595
167,25.0,25.4,24.47,25.31,25.07,25.480001,23.67,23.68,23.45,23.46,21.9,22.01,22.138908
168,25.07,25.480001,23.67,23.68,23.45,23.46,21.9,22.01,22.51,23.26,21.7,23.07,22.444666
169,23.45,23.46,21.9,22.01,22.51,23.26,21.7,23.07,23.28,23.87,23.09,23.45,23.239325
170,22.51,23.26,21.7,23.07,23.28,23.87,23.09,23.45,23.45,23.57,22.970001,23.35,23.239325
171,23.28,23.87,23.09,23.45,23.45,23.57,22.970001,23.35,23.35,23.64,22.96,23.32,23.239325
172,23.45,23.57,22.970001,23.35,23.35,23.64,22.96,23.32,23.16,23.4,22.77,23.1,23.06398
173,23.35,23.64,22.96,23.32,23.16,23.4,22.77,23.1,23.0,23.93,22.85,23.36,23.1097
174,23.16,23.4,22.77,23.1,23.0,23.93,22.85,23.36,23.25,23.25,22.62,22.72,22.57306
175,23.0,23.93,22.85,23.36,23.25,23.25,22.62,22.72,22.79,22.98,22.16,22.25,22.011436
176,23.25,23.25,22.62,22.72,22.79,22.98,22.16,22.25,21.93,22.4,21.71,22.09,22.011436
177,22.79,22.98,22.16,22.25,21.93,22.4,21.71,22.09,22.2,22.24,21.23,21.32,21.436274
178,21.93,22.4,21.71,22.09,22.2,22.24,21.23,21.32,21.5,21.55,21.0,21.34,21.321098
179,22.2,22.24,21.23,21.32,21.5,21.55,21.0,21.34,21.12,21.34,20.91,21.07,21.321098
180,21.5,21.55,21.0,21.34,21.12,21.34,20.91,21.07,20.9,21.12,20.61,20.83,21.151115
181,21.12,21.34,20.91,21.07,20.9,21.12,20.61,20.83,20.8,21.09,20.51,20.71,20.539825
182,20.9,21.12,20.61,20.83,20.8,21.09,20.51,20.71,20.6,20.69,19.7,19.81,19.627863
183,20.8,21.09,20.51,20.71,20.6,20.69,19.7,19.81,19.91,19.93,18.93,19.21,19.386805
184,20.6,20.69,19.7,19.81,19.91,19.93,18.93,19.21,19.27,19.3,17.9,18.11,18.297827
185,19.91,19.93,18.93,19.21,19.27,19.3,17.9,18.11,18.29,18.83,17.76,18.76,18.760696
186,19.27,19.3,17.9,18.11,18.29,18.83,17.76,18.76,18.6,18.66,18.0,18.16,18.24981
187,18.29,18.83,17.76,18.76,18.6,18.66,18.0,18.16,18.28,18.54,18.07,18.1,18.24981
188,18.6,18.66,18.0,18.16,18.28,18.54,18.07,18.1,18.0,18.47,17.82,18.22,18.24981
189,18.28,18.54,18.07,18.1,18.0,18.47,17.82,18.22,18.15,18.45,17.85,18.43,18.323652
190,18.0,18.47,17.82,18.22,18.15,18.45,17.85,18.43,18.5,19.04,18.22,18.36,18.323652
191,18.15,18.45,17.85,18.43,18.5,19.04,18.22,18.36,18.94,19.1,18.0,18.03,18.17533
192,18.5,19.04,18.22,18.36,18.94,19.1,18.0,18.03,17.92,18.1,16.9,17.05,17.115
193,18.94,19.1,18.0,18.03,17.92,18.1,16.9,17.05,16.93,17.17,16.38,16.47,16.801374
194,17.92,18.1,16.9,17.05,16.93,17.17,16.38,16.47,16.18,16.18,14.28,14.28,14.736406
195,16.93,17.17,16.38,16.47,16.18,16.18,14.28,14.28,14.54,14.809999,13.93,13.99,14.338132
196,16.18,16.18,14.28,14.28,14.54,14.809999,13.93,13.99,13.88,14.39,13.56,14.380001,14.662483
197,14.54,14.809999,13.93,13.99,13.88,14.39,13.56,14.380001,14.15,14.28,13.2,13.520001,13.935704
198,13.88,14.39,13.56,14.380001,14.15,14.28,13.2,13.520001,13.69,14.96,13.69,14.63,14.773957
199,14.15,14.28,13.2,13.520001,13.69,14.96,13.69,14.63,14.550001,15.05,14.28,14.710001,14.841679
200,13.69,14.96,13.69,14.63,14.550001,15.05,14.28,14.710001,14.4,15.160001,14.239999,14.799999,14.841679
201,14.550001,15.05,14.28,14.710001,14.4,15.160001,14.239999,14.799999,14.800001,15.29,14.699999,15.05,15.21568
202,14.4,15.160001,14.239999,14.799999,14.800001,15.29,14.699999,15.05,14.88,15.21,14.64,15.159999,15.21568
203,14.800001,15.29,14.699999,15.05,14.88,15.21,14.64,15.159999,15.29,15.700001,15.13,15.159999,15.21568
204,14.88,15.21,14.64,15.159999,15.29,15.700001,15.13,15.159999,15.06,15.58,15.03,15.32,15.35733
205,15.29,15.700001,15.13,15.159999,15.06,15.58,15.03,15.32,15.43,15.510001,15.12,15.300001,15.319144
206,15.06,15.58,15.03,15.32,15.43,15.510001,15.12,15.300001,15.449999,15.71,15.109999,15.210001,15.21568
207,15.43,15.510001,15.12,15.300001,15.449999,15.71,15.109999,15.210001,15.300001,15.3,14.85,15.23,15.35733
208,15.449999,15.71,15.109999,15.210001,15.300001,15.3,14.85,15.23,15.52,15.97,15.350001,15.47,15.53568
209,15.300001,15.3,14.85,15.23,15.52,15.97,15.350001,15.47,15.219999,15.46,15.08,15.37,15.388944
210,15.52,15.97,15.350001,15.47,15.219999,15.46,15.08,15.37,15.48,15.84,15.369999,15.660001,15.569949
211,15.219999,15.46,15.08,15.37,15.48,15.84,15.369999,15.660001,15.969999,16.05,15.630001,15.94,16.032951
212,15.48,15.84,15.369999,15.660001,15.969999,16.05,15.630001,15.94,15.94,15.94,14.79,14.79,15.00896
213,15.969999,16.05,15.630001,15.94,15.94,15.94,14.79,14.79,14.9,15.31,14.8,15.17,15.287427
214,15.94,15.94,14.79,14.79,14.9,15.31,14.8,15.17,15.4,16.33,15.300001,15.98,16.03683
215,14.9,15.31,14.8,15.17,15.4,16.33,15.300001,15.98,15.98,16.13,15.630001,15.8,15.860367
216,15.4,16.33,15.300001,15.98,15.98,16.13,15.630001,15.8,15.81,16.18,15.53,15.97,16.109182
217,15.98,16.13,15.630001,15.8,15.81,16.18,15.53,15.97,15.990001,16.27,15.57,16.16,16.109182
218,15.81,16.18,15.53,15.97,15.990001,16.27,15.57,16.16,16.29,16.71,16.05,16.2,16.258476
219,15.990001,16.27,15.57,16.16,16.29,16.71,16.05,16.2,16.02,16.61,15.829999,16.51,16.602564
220,16.29,16.71,16.05,16.2,16.02,16.61,15.829999,16.51,16.51,16.94,16.39,16.8,16.934887
221,16.02,16.61,15.829999,16.51,16.51,16.94,16.39,16.8,16.87,16.9,16.33,16.52,16.653822
222,16.51,16.94,16.39,16.8,16.87,16.9,16.33,16.52,16.46,17.09,16.41,16.73,16.934887
223,16.87,16.9,16.33,16.52,16.46,17.09,16.41,16.73,16.88,16.9,16.16,16.26,16.308949
224,16.46,17.09,16.41,16.73,16.88,16.9,16.16,16.26,16.2,16.6,16.19,16.52,16.653822
225,16.88,16.9,16.16,16.26,16.2,16.6,16.19,16.52,16.59,17.09,16.44,16.74,16.934887
226,16.2,16.6,16.19,16.52,16.59,17.09,16.44,16.74,16.4,16.56,15.84,16.52,16.653822
227,16.59,17.09,16.44,16.74,16.4,16.56,15.84,16.52,16.5,16.97,16.44,16.59,16.653822
228,16.4,16.56,15.84,16.52,16.5,16.97,16.44,16.59,16.57,17.1,16.51,16.8,16.934887
229,16.5,16.97,16.44,16.59,16.57,17.1,16.51,16.8,16.68,17.1,16.3,16.94,16.934887
230,16.57,17.1,16.51,16.8,16.68,17.1,16.3,16.94,16.93,17.16,16.74,17.06,17.115
231,16.68,17.1,16.3,16.94,16.93,17.16,16.74,17.06,16.9,17.93,16.76,17.82,17.617056
232,16.93,17.16,16.74,17.06,16.9,17.93,16.76,17.82,17.79,17.79,16.72,16.81,17.084215
233,16.9,17.93,16.76,17.82,17.79,17.79,16.72,16.81,17.46,18.18,17.17,17.78,17.617056
234,17.79,17.79,16.72,16.81,17.46,18.18,17.17,17.78,17.96,18.08,17.4,17.52,17.544151
235,17.46,18.18,17.17,17.78,17.96,18.08,17.4,17.52,17.33,17.58,17.06,17.28,17.362469
236,17.96,18.08,17.4,17.52,17.33,17.58,17.06,17.28,17.33,17.75,16.96,17.67,17.617056
237,17.33,17.58,17.06,17.28,17.33,17.75,16.96,17.67,17.52,18.06,17.46,17.49,17.544151
238,17.33,17.75,16.96,17.67,17.52,18.06,17.46,17.49,17.63,17.63,17.3,17.4,17.544151
239,17.52,18.06,17.46,17.49,17.63,17.63,17.3,17.4,17.4,17.55,17.02,17.13,17.115
240,17.63,17.63,17.3,17.4,17.4,17.55,17.02,17.13,17.1,17.65,17.03,17.58,17.509249
241,17.4,17.55,17.02,17.13,17.1,17.65,17.03,17.58,17.58,17.67,16.69,16.91,17.084215
242,17.1,17.65,17.03,17.58,17.58,17.67,16.69,16.91,16.81,16.98,15.809999,15.98,16.308949
243,17.58,17.67,16.69,16.91,16.81,16.98,15.809999,15.98,15.990001,16.79,15.979999,16.54,16.653822
244,16.81,16.98,15.809999,15.98,15.990001,16.79,15.979999,16.54,16.6,18.05,16.48,17.38,17.509249
245,15.990001,16.79,15.979999,16.54,16.6,18.05,16.48,17.38,17.39,17.49,16.67,16.9,17.084215
246,16.6,18.05,16.48,17.38,17.39,17.49,16.67,16.9,16.99,17.28,16.47,16.8,17.084215
247,17.39,17.49,16.67,16.9,16.99,17.28,16.47,16.8,16.8,16.86,16.55,16.66,16.69071
248,16.99,17.28,16.47,16.8,16.8,16.86,16.55,16.66,16.66,16.8,16.46,16.5,16.653822
249,16.8,16.86,16.55,16.66,16.66,16.8,16.46,16.5,16.47,16.71,16.12,16.12,16.308949
250,16.66,16.8,16.46,16.5,16.47,16.71,16.12,16.12,16.21,17.35,16.21,17.29,17.362469
251,16.47,16.71,16.12,16.12,16.21,17.35,16.21,17.29,17.33,17.78,17.0,17.73,17.617056
252,16.21,17.35,16.21,17.29,17.33,17.78,17.0,17.73,17.8,18.13,17.51,17.87,17.652102
253,17.33,17.78,17.0,17.73,17.8,18.13,17.51,17.87,17.9,18.35,17.55,17.58,17.544151
254,17.8,18.13,17.51,17.87,17.9,18.35,17.55,17.58,17.7,17.81,16.9,17.2,17.265705
255,17.9,18.35,17.55,17.58,17.7,17.81,16.9,17.2,17.3,17.52,16.81,16.89,17.084215
256,17.7,17.81,16.9,17.2,17.3,17.52,16.81,16.89,17.01,17.52,16.75,17.52,17.509249
257,17.3,17.52,16.81,16.89,17.01,17.52,16.75,17.52,17.46,17.92,17.2,17.29,17.362469
258,17.01,17.52,16.75,17.52,17.46,17.92,17.2,17.29,17.35,17.73,17.35,17.51,17.544151
259,17.46,17.92,17.2,17.29,17.35,17.73,17.35,17.51,17.88,18.18,17.38,17.46,17.544151
260,17.35,17.73,17.35,17.51,17.88,18.18,17.38,17.46,17.39,17.78,17.2,17.64,17.617056
261,17.88,18.18,17.38,17.46,17.39,17.78,17.2,17.64,17.33,17.34,16.18,16.49,16.801374
262,17.39,17.78,17.2,17.64,17.33,17.34,16.18,16.49,16.49,17.26,16.49,16.74,17.084215
263,17.33,17.34,16.18,16.49,16.49,17.26,16.49,16.74,16.87,17.08,16.59,16.87,16.934887
264,16.49,17.26,16.49,16.74,16.87,17.08,16.59,16.87,17.01,17.68,16.89,17.65,17.617056
265,16.87,17.08,16.59,16.87,17.01,17.68,16.89,17.65,17.63,17.81,17.37,17.75,17.652102
266,17.01,17.68,16.89,17.65,17.63,17.81,17.37,17.75,17.63,18.1,17.52,17.79,17.652102
267,17.63,17.81,17.37,17.75,17.63,18.1,17.52,17.79,17.77,18.25,17.66,17.82,17.774786
268,17.63,18.1,17.52,17.79,17.77,18.25,17.66,17.82,17.91,18.4,17.82,18.21,18.086958
269,17.77,18.25,17.66,17.82,17.91,18.4,17.82,18.21,18.08,18.18,17.81,17.95,17.774786
270,17.91,18.4,17.82,18.21,18.08,18.18,17.81,17.95,17.95,17.95,17.58,17.87,17.652102
271,18.08,18.18,17.81,17.95,17.95,17.95,17.58,17.87,17.84,17.95,17.47,17.66,17.652102
272,17.95,17.95,17.58,17.87,17.84,17.95,17.47,17.66,17.59,17.8,17.38,17.78,17.652102
273,17.84,17.95,17.47,17.66,17.59,17.8,17.38,17.78,17.71,17.71,17.22,17.51,17.509249
274,17.59,17.8,17.38,17.78,17.71,17.71,17.22,17.51,17.28,17.75,16.83,16.83,17.084215
275,17.71,17.71,17.22,17.51,17.28,17.75,16.83,16.83,16.86,17.09,16.44,16.52,16.653822
276,17.28,17.75,16.83,16.83,16.86,17.09,16.44,16.52,16.46,16.62,16.31,16.36,16.50966
277,16.86,17.09,16.44,16.52,16.46,16.62,16.31,16.36,16.38,16.44,15.36,15.43,15.714265
278,16.46,16.62,16.31,16.36,16.38,16.44,15.36,15.43,15.5,15.56,14.959999,15.180001,15.367109
279,16.38,16.44,15.36,15.43,15.5,15.56,14.959999,15.180001,15.200001,15.410001,15.01,15.05,15.249381
280,15.5,15.56,14.959999,15.180001,15.200001,15.410001,15.01,15.05,14.800001,15.06,14.6,14.94,15.21568
281,15.200001,15.410001,15.01,15.05,14.800001,15.06,14.6,14.94,14.950001,15.19,14.88,15.12,15.21568
282,14.800001,15.06,14.6,14.94,14.950001,15.19,14.88,15.12,15.010001,15.119999,14.62,14.66,14.841679
283,14.950001,15.19,14.88,15.12,15.010001,15.119999,14.62,14.66,14.68,14.839999,14.31,14.34,14.629865
284,15.010001,15.119999,14.62,14.66,14.68,14.839999,14.31,14.34,14.31,14.73,14.28,14.67,14.7881775
285,14.68,14.839999,14.31,14.34,14.31,14.73,14.28,14.67,14.67,14.75,14.36,14.470001,14.629865
286,14.31,14.73,14.28,14.67,14.67,14.75,14.36,14.470001,14.53,14.579999,14.350001,14.559999,14.629865
287,14.67,14.75,14.36,14.470001,14.53,14.579999,14.350001,14.559999,14.52,14.609999,14.41,14.52,14.629865
288,14.53,14.579999,14.350001,14.559999,14.52,14.609999,14.41,14.52,14.56,14.609999,14.300001,14.3,14.522316
289,14.52,14.609999,14.41,14.52,14.56,14.609999,14.300001,14.3,14.300001,14.52,14.2,14.42,14.629865
290,14.56,14.609999,14.300001,14.3,14.300001,14.52,14.2,14.42,14.450001,14.65,14.320001,14.350001,14.629865
291,14.300001,14.52,14.2,14.42,14.450001,14.65,14.320001,14.350001,14.09,14.34,13.97,14.27,14.450041
292,14.450001,14.65,14.320001,14.350001,14.09,14.34,13.97,14.27,14.28,14.42,13.829999,13.99,14.224875
293,14.09,14.34,13.97,14.27,14.28,14.42,13.829999,13.99,13.910001,14.16,13.54,13.54,13.822038
294,14.28,14.42,13.829999,13.99,13.910001,14.16,13.54,13.54,13.52,13.599999,13.2699995,13.3,13.530543
295,13.910001,14.16,13.54,13.54,13.52,13.599999,13.2699995,13.3,13.46,13.65,13.28,13.35,13.530543
296,13.52,13.599999,13.2699995,13.3,13.46,13.65,13.28,13.35,13.32,13.690001,13.03,13.57,13.676901
297,13.46,13.65,13.28,13.35,13.32,13.690001,13.03,13.57,13.5,13.97,13.46,13.68,13.923796
298,13.32,13.690001,13.03,13.57,13.5,13.97,13.46,13.68,13.71,13.85,13.16,13.18,13.49885
299,13.5,13.97,13.46,13.68,13.71,13.85,13.16,13.18,13.139999,13.17,12.780001,12.78,13.031195
300,13.71,13.85,13.16,13.18,13.139999,13.17,12.780001,12.78,12.82,13.32,12.809999,13.27,13.319123
301,13.139999,13.17,12.780001,12.78,12.82,13.32,12.809999,13.27,13.27,13.280001,12.85,12.86,13.032236
302,12.82,13.32,12.809999,13.27,13.27,13.280001,12.85,12.86,13.0,13.07,12.48,12.56,13.000596
303,13.27,13.280001,12.85,12.86,13.0,13.07,12.48,12.56,12.56,12.799999,12.51,12.53,13.000596
304,13.0,13.07,12.48,12.56,12.56,12.799999,12.51,12.53,12.57,12.63,12.040001,12.08,12.384941
305,12.56,12.799999,12.51,12.53,12.57,12.63,12.040001,12.08,12.06,12.300001,11.910001,12.21,12.420476
306,12.57,12.63,12.040001,12.08,12.06,12.300001,11.910001,12.21,12.2,13.059999,12.109999,12.939999,13.000596
307,12.06,12.300001,11.910001,12.21,12.2,13.059999,12.109999,12.939999,12.82,13.36,12.809999,13.18,13.2878895
308,12.2,13.059999,12.109999,12.939999,12.82,13.36,12.809999,13.18,13.25,13.62,13.219999,13.54,13.699019
309,12.82,13.36,12.809999,13.18,13.25,13.62,13.219999,13.54,13.470001,13.97,13.36,13.859999,13.983817
310,13.25,13.62,13.219999,13.54,13.470001,13.97,13.36,13.859999,13.910001,13.950001,13.62,13.73,13.923796
311,13.470001,13.97,13.36,13.859999,13.910001,13.950001,13.62,13.73,13.74,13.909999,13.49,13.7,13.923796
312,13.910001,13.950001,13.62,13.73,13.74,13.909999,13.49,13.7,13.700001,14.03,13.450001,13.760001,13.923796
313,13.74,13.909999,13.49,13.7,13.700001,14.03,13.450001,13.760001,13.81,13.9800005,13.56,13.78,13.923796
314,13.700001,14.03,13.450001,13.760001,13.81,13.9800005,13.56,13.78,13.88,14.2300005,13.53,13.61,13.8972645
315,13.81,13.9800005,13.56,13.78,13.88,14.2300005,13.53,13.61,13.429999,13.659999,12.979999,13.12,13.443163
316,13.88,14.2300005,13.53,13.61,13.429999,13.659999,12.979999,13.12,13.15,14.24,13.15,13.969999,14.186123
317,13.429999,13.659999,12.979999,13.12,13.15,14.24,13.15,13.969999,13.98,14.6,13.890001,14.150001,14.325874
318,13.15,14.24,13.15,13.969999,13.98,14.6,13.890001,14.150001,14.04,14.32,13.61,13.68,14.130917
319,13.98,14.6,13.890001,14.150001,14.04,14.32,13.61,13.68,14.78,16.42,14.649999,16.42,16.341784
320,14.04,14.32,13.61,13.68,14.78,16.42,14.649999,16.42,16.99,19.67,16.8,18.49,18.166945
321,14.78,16.42,14.649999,16.42,16.99,19.67,16.8,18.49,18.24,18.88,17.7,18.23,18.195246
322,16.99,19.67,16.8,18.49,18.24,18.88,17.7,18.23,18.01,18.35,17.32,17.54,17.544151
323,18.24,18.88,17.7,18.23,18.01,18.35,17.32,17.54,17.2,17.47,16.93,17.14,17.115
324,18.01,18.35,17.32,17.54,17.2,17.47,16.93,17.14,16.94,17.57,16.81,17.08,17.115
325,17.2,17.47,16.93,17.14,16.94,17.57,16.81,17.08,16.92,17.59,16.62,17.59,17.509249
326,16.94,17.57,16.81,17.08,16.92,17.59,16.62,17.59,17.34,17.4,16.86,17.03,17.115
327,16.92,17.59,16.62,17.59,17.34,17.4,16.86,17.03,16.71,17.21,16.71,17.06,17.115
328,17.34,17.4,16.86,17.03,16.71,17.21,16.71,17.06,17.4,17.4,16.6,16.61,16.838497
329,16.71,17.21,16.71,17.06,17.4,17.4,16.6,16.61,16.6,17.3,16.45,17.24,17.286848
330,17.4,17.4,16.6,16.61,16.6,17.3,16.45,17.24,17.05,18.03,17.05,17.34,17.362469
331,16.6,17.3,16.45,17.24,17.05,18.03,17.05,17.34,17.34,18.96,17.1,18.7,18.577282
332,17.05,18.03,17.05,17.34,17.34,18.96,17.1,18.7,19.4,20.05,18.59,19.73,19.577814
333,17.34,18.96,17.1,18.7,19.4,20.05,18.59,19.73,19.23,19.75,18.22,18.28,18.347197
334,19.4,20.05,18.59,19.73,19.23,19.75,18.22,18.28,18.36,21.9,18.22,21.41,21.044321
335,19.23,19.75,18.22,18.28,18.36,21.9,18.22,21.41,21.2,22.09,20.32,20.74,20.769613
336,18.36,21.9,18.22,21.41,21.2,22.09,20.32,20.74,20.56,22.19,20.56,21.3,21.436274
337,21.2,22.09,20.32,20.74,20.56,22.19,20.56,21.3,20.67,21.2,19.5,20.72,20.328068
338,20.56,22.19,20.56,21.3,20.67,21.2,19.5,20.72,20.54,21.66,20.25,20.44,20.707527
339,20.67,21.2,19.5,20.72,20.54,21.66,20.25,20.44,19.71,21.1,19.62,20.2,19.978756
340,20.54,21.66,20.25,20.44,19.71,21.1,19.62,20.2,20.2,22.9,19.6,22.32,21.639017
341,19.71,21.1,19.62,20.2,20.2,22.9,19.6,22.32,22.02,24.25,21.59,23.23,22.522005
342,20.2,22.9,19.6,22.32,22.02,24.25,21.59,23.23,23.04,25.0,22.82,24.04,24.014174
343,22.02,24.25,21.59,23.23,23.04,25.0,22.82,24.04,24.53,27.71,24.21,25.8,25.655233
344,23.04,25.0,22.82,24.04,24.53,27.71,24.21,25.8,26.61,26.999998,25.31,26.880001,26.676172
345,24.53,27.71,24.21,25.8,26.61,26.999998,25.31,26.880001,26.2,26.529999,25.359999,25.9,25.776823
346,26.61,26.999998,25.31,26.880001,26.2,26.529999,25.359999,25.9,25.54,25.93,24.01,24.500002,24.747742
347,26.2,26.529999,25.359999,25.9,25.54,25.93,24.01,24.500002,24.73,26.150002,24.0,24.560001,24.68103
348,25.54,25.93,24.01,24.500002,24.73,26.150002,24.0,24.560001,24.49,24.85,23.22,23.38,23.239325
349,24.73,26.150002,24.0,24.560001,24.49,24.85,23.22,23.38,24.48,26.300001,24.07,25.78,25.245613
350,24.49,24.85,23.22,23.38,24.48,26.300001,24.07,25.78,25.45,25.769999,24.09,24.35,24.68103
351,24.48,26.300001,24.07,25.78,25.45,25.769999,24.09,24.35,24.03,26.19,23.88,25.099998,24.99455
352,25.45,25.769999,24.09,24.35,24.03,26.19,23.88,25.099998,24.820002,28.12,24.52,26.9,26.440498
353,24.03,26.19,23.88,25.099998,24.820002,28.12,24.52,26.9,26.64,26.999998,25.8,26.279999,26.243294
354,24.820002,28.12,24.52,26.9,26.64,26.999998,25.8,26.279999,25.8,26.05,24.02,24.34,24.747742
355,26.64,26.999998,25.8,26.279999,25.8,26.05,24.02,24.34,24.85,25.18,19.71,19.96,20.28995
356,25.8,26.05,24.02,24.34,24.85,25.18,19.71,19.96,20.02,20.66,19.65,19.83,19.627863
357,24.85,25.18,19.71,19.96,20.02,20.66,19.65,19.83,20.0,20.63,19.66,19.8,19.627863
358,20.02,20.66,19.65,19.83,20.0,20.63,19.66,19.8,19.75,22.22,19.75,21.39,21.220253
359,20.0,20.63,19.66,19.8,19.75,22.22,19.75,21.39,21.0,21.88,21.0,21.57,21.445002
360,19.75,22.22,19.75,21.39,21.0,21.88,21.0,21.57,21.21,21.65,20.13,20.68,20.707527
361,21.0,21.88,21.0,21.57,21.21,21.65,20.13,20.68,20.69,20.99,20.12,20.17,20.084364
362,21.21,21.65,20.13,20.68,20.69,20.99,20.12,20.17,20.16,21.33,20.15,20.24,20.413807
363,20.69,20.99,20.12,20.17,20.16,21.33,20.15,20.24,20.34,21.1,20.08,20.41,20.43461
364,20.16,21.33,20.15,20.24,20.34,21.1,20.08,20.41,20.21,24.489998,20.12,24.49,23.644152
365,20.34,21.1,20.08,20.41,20.21,24.489998,20.12,24.49,24.820002,26.75,24.249998,26.38,26.32979
366,20.21,24.489998,20.12,24.49,24.820002,26.75,24.249998,26.38,26.63,26.98,25.589998,25.72,25.767262
367,24.820002,26.75,24.249998,26.38,26.63,26.98,25.589998,25.72,25.550001,26.08,24.900002,25.620003,25.402195
368,26.63,26.98,25.589998,25.72,25.550001,26.08,24.900002,25.620003,25.790003,25.88,24.58,24.790003,24.787792
369,25.550001,26.08,24.900002,25.620003,25.790003,25.88,24.58,24.790003,24.809998,26.11,24.42,25.220001,25.067493
370,25.790003,25.88,24.58,24.790003,24.809998,26.11,24.42,25.220001,24.859999,25.4,23.99,24.219997,24.713776
371,24.809998,26.11,24.42,25.220001,24.859999,25.4,23.99,24.219997,23.87,25.2,23.8,24.31,24.68103
372,24.859999,25.4,23.99,24.219997,23.87,25.2,23.8,24.31,24.359999,24.540003,23.5,23.849998,24.005932
373,23.87,25.2,23.8,24.31,24.359999,24.540003,23.5,23.849998,24.1,25.41,23.93,24.54,24.68103
374,24.359999,24.540003,23.5,23.849998,24.1,25.41,23.93,24.54,24.53,25.06,23.850002,24.01,24.182655
375,24.1,25.41,23.93,24.54,24.53,25.06,23.850002,24.01,24.009998,25.4,23.720001,24.850002,24.99455
376,24.53,25.06,23.850002,24.01,24.009998,25.4,23.720001,24.850002,24.62,26.28,24.62,25.49,25.072432
377,24.009998,25.4,23.720001,24.850002,24.62,26.28,24.62,25.49,25.359999,27.609999,25.099998,26.339998,26.261356
378,24.62,26.28,24.62,25.49,25.359999,27.609999,25.099998,26.339998,26.6,27.490002,25.88,26.860003,26.599663
379,25.359999,27.609999,25.099998,26.339998,26.6,27.490002,25.88,26.860003,26.45,26.96,25.55,25.879997,26.023655
380,26.6,27.490002,25.88,26.860003,26.45,26.96,25.55,25.879997,25.65,27.3,25.55,27.29,26.903233
381,26.45,26.96,25.55,25.879997,25.65,27.3,25.55,27.29,27.03,28.48,26.110003,26.18,26.153427
382,25.65,27.3,25.55,27.29,27.03,28.48,26.110003,26.18,26.11,27.66,25.889997,27.15,26.917866
383,27.03,28.48,26.110003,26.18,26.11,27.66,25.889997,27.15,27.0,27.56,26.47,27.2,26.956667
384,26.11,27.66,25.889997,27.15,27.0,27.56,26.47,27.2,27.18,27.209997,25.629997,25.78,25.854767
385,27.0,27.56,26.47,27.2,27.18,27.209997,25.629997,25.78,25.6,25.61,23.619999,24.59,24.710056
386,27.18,27.209997,25.629997,25.78,25.6,25.61,23.619999,24.59,24.3,25.24,24.09,25.06,24.99455
387,25.6,25.61,23.619999,24.59,24.3,25.24,24.09,25.06,25.04,25.38,24.59,24.89,25.034668
388,24.3,25.24,24.09,25.06,25.04,25.38,24.59,24.89,24.670002,26.98,24.640001,25.97,25.821247
389,25.04,25.38,24.59,24.89,24.670002,26.98,24.640001,25.97,26.19,26.47,25.31,25.440002,25.34113
390,24.670002,26.98,24.640001,25.97,26.19,26.47,25.31,25.440002,25.42,26.96,25.41,26.63,26.599663
391,26.19,26.47,25.31,25.440002,25.42,26.96,25.41,26.63,26.509998,27.89,25.8,26.099998,26.100037
392,25.42,26.96,25.41,26.63,26.509998,27.89,25.8,26.099998,26.46,26.46,24.1,24.210001,24.81134
393,26.509998,27.89,25.8,26.099998,26.46,26.46,24.1,24.210001,24.35,24.65,23.84,24.65,24.68103
394,26.46,26.46,24.1,24.210001,24.35,24.65,23.84,24.65,24.7,26.47,24.700003,25.570002,25.072432
395,24.35,24.65,23.84,24.65,24.7,26.47,24.700003,25.570002,25.15,26.069998,24.700003,25.96,25.574593
396,24.7,26.47,24.700003,25.570002,25.15,26.069998,24.700003,25.96,25.970001,26.0,24.83,24.850002,25.150913
397,25.15,26.069998,24.700003,25.96,25.970001,26.0,24.83,24.850002,24.9,25.130001,24.249998,24.630001,24.787792
398,25.970001,26.0,24.83,24.850002,24.9,25.130001,24.249998,24.630001,24.3,24.750002,23.61,23.64,23.831682
399,24.9,25.130001,24.249998,24.630001,24.3,24.750002,23.61,23.64,24.9,25.64,24.19,24.66,24.72106
400,24.3,24.750002,23.61,23.64,24.9,25.64,24.19,24.66,24.65,28.399998,24.4,27.520002,27.131966
401,24.9,25.64,24.19,24.66,24.65,28.399998,24.4,27.520002,27.66,27.75,27.029999,27.38,26.986507
402,24.65,28.399998,24.4,27.520002,27.66,27.75,27.029999,27.38,27.34,27.4,25.820002,26.33,26.378809
403,27.66,27.75,27.029999,27.38,27.34,27.4,25.820002,26.33,26.389997,26.820002,26.01,26.160002,26.100037
404,27.34,27.4,25.820002,26.33,26.389997,26.820002,26.01,26.160002,26.83,27.020002,25.850002,25.96,26.023655
405,26.389997,26.820002,26.01,26.160002,26.83,27.020002,25.850002,25.96,26.5,27.990002,26.5,27.299997,26.903233
406,26.83,27.020002,25.850002,25.96,26.5,27.990002,26.5,27.299997,27.320002,27.869999,26.26,27.040003,26.9713
407,26.5,27.990002,26.5,27.299997,27.320002,27.869999,26.26,27.040003,27.239998,32.45,27.230001,32.43,31.599203
408,27.320002,27.869999,26.26,27.040003,27.239998,32.45,27.230001,32.43,31.96,32.18,30.57,31.82,31.694075
409,27.239998,32.45,27.230001,32.43,31.96,32.18,30.57,31.82,32.02,33.38,31.750002,31.800001,31.718601
410,31.96,32.18,30.57,31.82,32.02,33.38,31.750002,31.800001,32.4,32.7,30.73,30.88,30.760529
411,32.02,33.38,31.750002,31.800001,32.4,32.7,30.73,30.88,30.68,31.56,29.689999,30.98,30.834244
412,32.4,32.7,30.73,30.88,30.68,31.56,29.689999,30.98,31.0,32.99,30.5,32.04,31.718601
413,30.68,31.56,29.689999,30.98,31.0,32.99,30.5,32.04,31.950003,32.88,30.279999,30.600002,30.215801
414,31.0,32.99,30.5,32.04,31.950003,32.88,30.279999,30.600002,29.69,30.69,29.25,29.949999,29.666048
415,31.950003,32.88,30.279999,30.600002,29.69,30.69,29.25,29.949999,29.550001,30.730001,29.13,30.559998,30.147049
416,29.69,30.69,29.25,29.949999,29.550001,30.730001,29.13,30.559998,30.049997,32.95,30.03,32.4,31.718601
417,29.550001,30.730001,29.13,30.559998,30.049997,32.95,30.03,32.4,32.38,35.88,31.780003,34.69,33.89882
418,30.049997,32.95,30.03,32.4,32.38,35.88,31.780003,34.69,34.55,36.55,34.48,35.39,35.2747
419,32.38,35.88,31.780003,34.69,34.55,36.55,34.48,35.39,35.4,42.47,34.6,39.15,38.638874
420,34.55,36.55,34.48,35.39,35.4,42.47,34.6,39.15,39.35,40.5,38.05,38.72,38.750553
421,35.4,42.47,34.6,39.15,39.35,40.5,38.05,38.72,38.64,39.37,35.83,36.35,36.812206
422,39.35,40.5,38.05,38.72,38.64,39.37,35.83,36.35,36.78,38.27,35.44,37.83,38.009663
423,38.64,39.37,35.83,36.35,36.78,38.27,35.44,37.83,37.8,40.38,37.64,39.87,39.1963
424,36.78,38.27,35.44,37.83,37.8,40.38,37.64,39.87,44.5,47.5,41.99,46.5,44.250263
425,37.8,40.38,37.64,39.87,44.5,47.5,41.99,46.5,45.0,48.4,44.0,44.99,44.37451
426,44.5,47.5,41.99,46.5,45.0,48.4,44.0,44.99,44.5,45.98,43.1,45.67,45.13601
427,45.0,48.4,44.0,44.99,44.5,45.98,43.1,45.67,45.3,47.68,40.77,40.77,42.305294
428,44.5,45.98,43.1,45.67,45.3,47.68,40.77,40.77,40.82,43.55,39.89,43.13,44.751694
429,45.3,47.68,40.77,40.77,40.82,43.55,39.89,43.13,42.5,47.0,42.0,43.98,45.080063
430,40.82,43.55,39.89,43.13,42.5,47.0,42.0,43.98,43.39,45.34,41.65,41.65,41.668552
431,42.5,47.0,42.0,43.98,43.39,45.34,41.65,41.65,41.68,42.87,40.01,41.77,42.13556
432,43.39,45.34,41.65,41.65,41.68,42.87,40.01,41.77,42.02,44.46,41.13,42.59,43.325596
433,41.68,42.87,40.01,41.77,42.02,44.46,41.13,42.59,42.0,45.43,41.18,45.38,44.374306
434,42.02,44.46,41.13,42.59,42.0,45.43,41.18,45.38,44.56,47.23,44.26,44.39,45.108315
435,42.0,45.43,41.18,45.38,44.56,47.23,44.26,44.39,44.66,46.45,43.8,46.2,45.13601
436,44.56,47.23,44.26,44.39,44.66,46.45,43.8,46.2,45.64,45.64,38.91,39.96,41.58062
437,44.66,46.45,43.8,46.2,45.64,45.64,38.91,39.96,39.96,40.86,38.55,38.96,40.203743
438,45.64,45.64,38.91,39.96,39.96,40.86,38.55,38.96,38.68,38.82,35.68,36.49,38.214436
439,39.96,40.86,38.55,38.96,38.68,38.82,35.68,36.49,35.81,37.8,33.99,34.43,35.528107
440,38.68,38.82,35.68,36.49,35.81,37.8,33.99,34.43,33.95,35.09,32.5,33.19,33.693035
441,35.81,37.8,33.99,34.43,33.95,35.09,32.5,33.19,33.07,34.43,32.92,34.02,32.98559
442,33.95,35.09,32.5,33.19,33.07,34.43,32.92,34.02,33.69,34.2,31.39,32.28,31.777317
443,33.07,34.43,32.92,34.02,33.69,34.2,31.39,32.28,32.01,34.92,31.850002,34.08,32.93476
444,33.69,34.2,31.39,32.28,32.01,34.92,31.850002,34.08,34.21,36.97,33.38,36.64,35.194557
445,32.01,34.92,31.850002,34.08,34.21,36.97,33.38,36.64,36.2,37.69,35.11,35.48,35.899803
446,34.21,36.97,33.38,36.64,36.2,37.69,35.11,35.48,34.75,36.66,34.7,35.98,35.63802
447,36.2,37.69,35.11,35.48,34.75,36.66,34.7,35.98,35.2,35.39,32.5,32.5,32.84401
448,34.75,36.66,34.7,35.98,35.2,35.39,32.5,32.5,32.49,33.35,32.1,32.15,31.777317
449,35.2,35.39,32.5,32.5,32.49,33.35,32.1,32.15,32.44,32.59,30.0,31.800001,31.718601
450,32.49,33.35,32.1,32.15,32.44,32.59,30.0,31.800001,31.78,31.779999,30.57,30.7,30.760529
451,32.44,32.59,30.0,31.800001,31.78,31.779999,30.57,30.7,30.130001,31.09,29.98,30.4,30.215801
452,31.78,31.779999,30.57,30.7,30.130001,31.09,29.98,30.4,30.73,32.32,30.219997,32.0,31.718601
453,30.130001,31.09,29.98,30.4,30.73,32.32,30.219997,32.0,31.99,31.989998,30.900002,31.51,30.96643
454,30.73,32.32,30.219997,32.0,31.99,31.989998,30.900002,31.51,31.41,31.8,30.78,31.07,30.96643
455,31.99,31.989998,30.900002,31.51,31.41,31.8,30.78,31.07,31.2,32.67,30.55,31.629997,30.96643
456,31.41,31.8,30.78,31.07,31.2,32.67,30.55,31.629997,31.27,31.91,30.410002,31.01,30.96643
457,31.2,32.67,30.55,31.629997,31.27,31.91,30.410002,31.01,31.669998,32.4,30.52,31.499998,30.96643
458,31.27,31.91,30.410002,31.01,31.669998,32.4,30.52,31.499998,31.2,32.99,31.2,32.5,31.718601
459,31.669998,32.4,30.52,31.499998,31.2,32.99,31.2,32.5,32.35,34.46,32.33,33.36,32.57041
460,31.2,32.99,31.2,32.5,32.35,34.46,32.33,33.36,32.66,34.29,31.359999,33.98,32.568546
461,32.35,34.46,32.33,33.36,32.66,34.29,31.359999,33.98,34.55,37.46,34.54,36.96,35.71856
462,32.66,34.29,31.359999,33.98,34.55,37.46,34.54,36.96,35.8,37.9,35.64,36.4,35.95913
463,34.55,37.46,34.54,36.96,35.8,37.9,35.64,36.4,36.32,38.6,35.88,38.45,37.895256
464,35.8,37.9,35.64,36.4,36.32,38.6,35.88,38.45,38.36,38.36,36.95,37.47,37.25173
465,36.32,38.6,35.88,38.45,38.36,38.36,36.95,37.47,37.47,38.34,35.07,35.54,36.428997
466,38.36,38.36,36.95,37.47,37.47,38.34,35.07,35.54,35.9,36.77,35.3,36.08,35.884995
467,37.47,38.34,35.07,35.54,35.9,36.77,35.3,36.08,35.65,37.19,34.5,36.58,35.95913
468,35.9,36.77,35.3,36.08,35.65,37.19,34.5,36.58,36.58,37.93,36.04,37.69,37.85296
469,35.65,37.19,34.5,36.58,36.58,37.93,36.04,37.69,37.2,37.88,36.86,37.0,36.43256
470,36.58,37.93,36.04,37.69,37.2,37.88,36.86,37.0,36.61,37.88,35.66,37.49,36.986122
471,37.2,37.88,36.86,37.0,36.61,37.88,35.66,37.49,37.41,39.18,37.3,38.7,38.547165
472,36.61,37.88,35.66,37.49,37.41,39.18,37.3,38.7,38.8,39.09,37.37,37.8,38.10795
473,37.41,39.18,37.3,38.7,38.8,39.09,37.37,37.8,37.3,40.52,36.88,39.93,39.23305
474,38.8,39.09,37.37,37.8,37.3,40.52,36.88,39.93,39.73,41.39,39.33,40.69,40.135696
475,37.3,40.52,36.88,39.93,39.73,41.39,39.33,40.69,40.0,41.28,39.67,41.0,40.304573
476,39.73,41.39,39.33,40.69,40.0,41.28,39.67,41.0,40.32,40.73,38.08,38.1,38.46917
477,40.0,41.28,39.67,41.0,40.32,40.73,38.08,38.1,37.31,37.92,34.45,34.49,36.237976
478,40.32,40.73,38.08,38.1,37.31,37.92,34.45,34.49,34.74,34.97,33.79,34.22,34.29277
479,37.31,37.92,34.45,34.49,34.74,34.97,33.79,34.22,33.98,34.18,31.949999,32.95,32.774742
480,34.74,34.97,33.79,34.22,33.98,34.18,31.949999,32.95,33.2,33.73,32.66,33.26,32.92832
481,33.98,34.18,31.949999,32.95,33.2,33.73,32.66,33.26,33.0,33.57,32.61,33.23,32.628143
482,33.2,33.73,32.66,33.26,33.0,33.57,32.61,33.23,33.19,34.68,31.86,34.23,32.568546
483,33.0,33.57,32.61,33.23,33.19,34.68,31.86,34.23,33.88,35.48,33.81,35.01,34.841537
484,33.19,34.68,31.86,34.23,33.88,35.48,33.81,35.01,35.9,37.1,35.51,35.52,36.08673
485,33.88,35.48,33.81,35.01,35.9,37.1,35.51,35.52,35.32,36.14,34.5,34.61,35.15138
486,35.9,37.1,35.51,35.52,35.32,36.14,34.5,34.61,34.5,34.58,32.91,33.16,33.18984
487,35.32,36.14,34.5,34.61,34.5,34.58,32.91,33.16,33.8,34.13,33.33,33.55,32.98559
488,34.5,34.58,32.91,33.16,33.8,34.13,33.33,33.55,30.2,31.8,28.91,30.799997,30.723955
489,33.8,34.13,33.33,33.55,30.2,31.8,28.91,30.799997,31.38,31.39,29.68,29.779999,29.73517
490,30.2,31.8,28.91,30.799997,31.38,31.39,29.68,29.779999,29.89,30.34,28.99,29.79,29.568481
491,31.38,31.39,29.68,29.779999,29.89,30.34,28.99,29.79,29.7,32.8,29.54,31.82,31.718601
492,29.89,30.34,28.99,29.79,29.7,32.8,29.54,31.82,31.28,33.69,31.2,32.48,31.718601
493,29.7,32.8,29.54,31.82,31.28,33.69,31.2,32.48,32.65,32.77,31.8,31.84,31.718601
494,31.28,33.69,31.2,32.48,32.65,32.77,31.8,31.84,32.15,32.3,31.5,31.7,30.96643
495,32.65,32.77,31.8,31.84,32.15,32.3,31.5,31.7,31.61,31.72,30.75,30.83,30.760529
496,32.15,32.3,31.5,31.7,31.61,31.72,30.75,30.83,30.8,31.27,30.61,30.950003,30.760529
497,31.61,31.72,30.75,30.83,30.8,31.27,30.61,30.950003,31.03,31.94,30.73,31.88,31.718601
498,30.8,31.27,30.61,30.950003,31.03,31.94,30.73,31.88,32.37,32.57,31.6,31.970001,31.718601
499,31.03,31.94,30.73,31.88,32.37,32.57,31.6,31.970001,31.89,32.05,30.82,31.04,30.96643
500,32.37,32.57,31.6,31.970001,31.89,32.05,30.82,31.04,30.899998,31.09,30.249998,30.379997,30.215801
501,31.89,32.05,30.82,31.04,30.899998,31.09,30.249998,30.379997,30.26,30.849998,29.97,30.310001,30.215801
502,30.899998,31.09,30.249998,30.379997,30.26,30.849998,29.97,30.310001,30.62,31.22,29.959997,30.77,30.760529
503,30.26,30.849998,29.97,30.310001,30.62,31.22,29.959997,30.77,30.600002,31.3,30.0,30.88,30.760529
504,30.62,31.22,29.959997,30.77,30.600002,31.3,30.0,30.88,30.66,30.81,30.3,30.660002,30.760529
505,30.600002,31.3,30.0,30.88,30.66,30.81,30.3,30.660002,30.38,30.95,30.3,30.59,30.215801
506,30.66,30.81,30.3,30.660002,30.38,30.95,30.3,30.59,30.38,32.69,30.380001,32.28,31.718601
507,30.38,30.95,30.3,30.59,30.38,32.69,30.380001,32.28,32.08,33.4,32.08,32.66,31.718601
508,30.38,32.69,30.380001,32.28,32.08,33.4,32.08,32.66,32.7,33.29,32.35,32.63,31.779211
509,32.08,33.4,32.08,32.66,32.7,33.29,32.35,32.63,32.9,33.38,31.86,31.919998,31.777317
510,32.7,33.29,32.35,32.63,32.9,33.38,31.86,31.919998,31.600002,32.15,31.099998,31.48,30.96643
511,32.9,33.38,31.86,31.919998,31.600002,32.15,31.099998,31.48,31.39,31.839998,30.2,30.27,30.215801
512,31.600002,32.15,31.099998,31.48,31.39,31.839998,30.2,30.27,29.77,31.83,29.58,31.730001,31.718601
513,31.39,31.839998,30.2,30.27,29.77,31.83,29.58,31.730001,31.710001,31.72,30.33,30.660002,30.760529
514,29.77,31.83,29.58,31.730001,31.710001,31.72,30.33,30.660002,30.600002,30.6,28.24,28.51,28.542624
515,31.710001,31.72,30.33,30.660002,30.600002,30.6,28.24,28.51,28.42,29.359999,28.02,28.78,28.766829
516,30.600002,30.6,28.24,28.51,28.42,29.359999,28.02,28.78,28.68,29.419998,27.88,27.88,28.102486
517,28.42,29.359999,28.02,28.78,28.68,29.419998,27.88,27.88,27.88,29.05,27.88,27.99,27.950636
518,28.68,29.419998,27.88,27.88,27.88,29.05,27.88,27.99,28.89,32.55,28.39,32.2,31.623772
519,27.88,29.05,27.88,27.99,28.89,32.55,28.39,32.2,31.710001,34.88,31.399998,32.94,32.93476
520,28.89,32.55,28.39,32.2,31.710001,34.88,31.399998,32.94,33.64,33.78,29.6,30.02,29.73517
521,31.710001,34.88,31.399998,32.94,33.64,33.78,29.6,30.02,29.600002,29.800001,27.460001,27.6,28.00107
522,33.64,33.78,29.6,30.02,29.600002,29.800001,27.460001,27.6,30.400002,30.410002,26.88,26.999998,27.20134
523,29.600002,29.800001,27.460001,27.6,30.400002,30.410002,26.88,26.999998,26.98,29.629997,26.8,28.97,29.069864
524,30.400002,30.410002,26.88,26.999998,26.98,29.629997,26.8,28.97,28.670002,30.46,28.670002,30.010002,29.54322
525,26.98,29.629997,26.8,28.97,28.670002,30.46,28.670002,30.010002,29.78,30.53,29.619999,30.16,29.666048
526,28.670002,30.46,28.670002,30.010002,29.78,30.53,29.619999,30.16,30.18,31.25,29.750002,30.39,30.215801
527,29.78,30.53,29.619999,30.16,30.18,31.25,29.750002,30.39,31.450003,36.47,30.999998,36.47,34.468117
528,30.18,31.25,29.750002,30.39,31.450003,36.47,30.999998,36.47,37.0,37.0,34.39,34.91,35.483833
529,31.450003,36.47,30.999998,36.47,37.0,37.0,34.39,34.91,34.9,38.1,33.74,36.93,35.95913
530,37.0,37.0,34.39,34.91,34.9,38.1,33.74,36.93,36.38,36.8,35.51,35.88,35.855392
